gender,title,first,last,city,streetName,streetNumber,email,uuid,username,password,registeredDate,registeredAge,phone,cell,idName,idValue
female,Miss,پرنیا,سهيلي راد,سبزوار,دستغیب,3057,prny.shylyrd@example.com,d5214489-0125-4a4f-91b7-e890e736418d,heavywolf554,regina,2002-04-30T20:39:18.909Z,23,042-32058468,0994-611-8134,,
female,Mrs,Teuntje,Vogelsang,Wezup,Ijburglaan,3689,teuntje.vogelsang@example.com,ee705ce9-e032-430e-a83a-79a0e67b2897,redkoala659,calgary,2002-08-21T16:51:25.910Z,23,(0969) 685301,(06) 73414717,BSN,97057292
female,Ms,Wanda,Barrett,Bunbury,Smokey Ln,5522,wanda.barrett@example.com,f0bc8c37-9bd5-42f2-a02d-b4cdc818296f,tinypanda349,brucelee,2019-07-14T05:35:12.218Z,6,05-1516-4967,0472-881-245,TFN,252302507
female,Ms,Conchita,Maestas,Actopan,Avenida Guanajuato,2518,conchita.maestas@example.com,38ed410a-6d5f-48b1-9f76-7ff75d0f962e,happyladybug946,jefferso,2011-04-08T13:26:14.508Z,15,(680) 954 1842,(669) 883 4306,NSS,32 56 44 4787 6
female,Mrs,Polina,Heiß,Stavenhagen,Kirchplatz,536,polina.heiss@example.com,c56408d9-af82-4bf8-82dc-57770e6c6376,smallgoose540,steel,2011-09-03T03:36:24.073Z,14,0947-4244452,0170-9190895,SVNR,02 221070 H 635
female,Ms,Sophie,Gonzalez,Lichfield,Brick Kiln Road,1276,sophie.gonzalez@example.com,e5e42070-271b-4678-8fa0-21cb2a78e359,angrydog195,pants,2017-03-30T05:14:23.273Z,9,015242 06373,07967 129078,NINO,ZB 29 38 91 D
male,Mr,Agustín,Hidalgo,Vitoria,Calle de Segovia,4436,agustin.hidalgo@example.com,06879f56-f5e9-4f7a-a53b-d3de52a5646d,brownpanda852,flash,2019-04-09T22:40:28.998Z,7,931-634-248,656-839-805,DNI,78171837-A
female,Mademoiselle,Katarina,Arnaud,Wädenswil,Avenue de L'Abbé-Roussel,6009,katarina.arnaud@example.com,80b990fd-ea4a-4d41-921a-6012243ccc3f,purplegorilla125,apple123,2005-11-03T04:37:37.356Z,20,078 772 97 59,075 046 74 90,AVS,756.5365.4975.65
male,Mr,Tony,Berry,Ennis,High Street,5337,tony.berry@example.com,f0c85658-b6d0-4b33-a6c3-67874215dec8,smallduck476,helper,2013-06-27T10:48:31.209Z,12,021-113-8975,081-783-9189,PPS,5512750T
male,Mr,William,French,St. George,Lakeview Ave,3548,william.french@example.com,f4559dd5-e8ee-4849-ad77-8db83db0fe27,heavyladybug605,slipknot,2016-09-08T01:43:02.500Z,9,F86 A99-1408,Y37 E59-0135,SIN,881351068
female,Miss,Laura,Nielsen,Kongsvinger,Pilestien,9245,laura.nielsen@example.com,893de969-cd71-4601-907c-43247a42d4f7,silverfish323,jiao,2007-08-26T14:26:36.636Z,18,63182943,07405537,CPR,190754-3017
male,Mr,Cemil,Pflaum,Neckarbischofsheim,Brunnenstraße,375,cemil.pflaum@example.com,2a8029d8-67a4-4271-b176-908099d57007,lazykoala636,admin,2012-10-26T03:50:59.161Z,13,0658-3400498,0176-5455919,SVNR,69 070947 P 282
female,Miss,Deniz,Aşıkoğlu,Erzincan,Şehitler Cd,5066,deniz.asikoglu@example.com,323d8541-0b65-4f27-90c2-158bd4b558fe,blackbutterfly431,seadog,2016-10-08T05:58:02.324Z,9,(273)-359-9860,(296)-594-6576,,
female,Mrs,Nicoline,Møller,"Ulsted, Hals",Thulevej,956,nicoline.moller@example.com,b9871de3-9215-4d23-9ddb-ec4345a64517,sadtiger816,sunny,2007-03-15T17:55:17.237Z,19,36433142,42835123,CPR,100359-6453
male,Mr,Heinrich,Steuer,Dannenberg (Elbe),Rosenweg,8318,heinrich.steuer@example.com,6d7dd2ed-52b3-43fc-ba96-88a73da60986,organickoala569,oakley,2015-09-10T07:26:48.898Z,10,0286-3065422,0177-1626072,SVNR,52 060275 S 134
female,Ms,Lily,Hanson,Salisbury,Manchester Road,7165,lily.hanson@example.com,95d7b6b5-cb4b-489b-b6eb-0d3e8d8baf89,silverbear850,talk,2020-10-25T21:17:12.411Z,5,015242 85621,07894 350686,NINO,EY 08 12 64 D
female,Ms,یاسمین,رضایی,قزوین,خاوران,3562,ysmyn.rdyy@example.com,f2ee53b4-f5fd-43de-9133-1cf50fa7b7a6,bluebutterfly815,carnival,2008-08-02T21:07:43.187Z,17,096-46464077,0906-282-9881,,
male,Mr,Tijmen,Dielen,'s-Gravenzande,Haalweidigerweg,449,tijmen.dielen@example.com,e2d0a016-55ac-4d5a-ab95-542983bbc016,organicgoose431,q1w2e3r4,2005-10-06T16:17:37.484Z,20,(0615) 764855,(06) 64822299,BSN,65689460
male,Mr,Samuel,Elo,Köyliö,Pispalan Valtatie,3854,samuel.elo@example.com,d0669610-fe25-4c4b-b24d-a777da249b99,crazysnake681,beemer,2011-04-07T16:08:44.725Z,15,08-612-675,046-911-34-37,HETU,NaNNA989undefined
male,Mr,Gregorio,Pascual,Barcelona,Calle Nebrija,5134,gregorio.pascual@example.com,6ba8e14f-ce2c-447b-8933-3bc2fe626ec5,blueduck305,magnet,2018-05-28T13:38:45.169Z,7,998-414-873,635-433-828,DNI,44716243-R
